order_item_id,order_id,product_id,quantity,price_per_unit,discount,tax,final_price,warehouse,delivery_days,return_flag
1,380,68,2,48417.76,28.41,7.42,33576.86,Bangalore,7,1
2,743,718,1,47716.95,0.96,8.94,26866.25,Hyderabad,8,1
3,478,912,3,38709.16,1.37,11.32,4355.31,Bangalore,6,1
4,262,980,2,46633.79,10.34,10.49,29199.35,Hyderabad,8,1
5,580,408,4,35413.38,2.63,6.38,28242.78,Mumbai,1,0
6,179,518,4,44800.04,14.38,17.2,15844.89,Bangalore,1,1
7,357,119,2,11976.39,21.86,5.58,55311.78,Bangalore,9,0
8,419,825,1,17401.93,17.01,14.75,25183.98,Hyderabad,4,0
9,698,31,2,37695.92,5.89,5.93,51874.12,Hyderabad,3,1
10,953,518,1,21343.15,19.64,11.07,6757.9,Hyderabad,6,1
11,201,483,4,41898.91,20.55,7.28,19268.86,Hyderabad,9,0
12,902,207,3,43906.42,27.97,6.83,10744.59,Delhi,4,1
13,13,669,2,15126.53,4.4,6.64,24622.97,Hyderabad,9,1
14,443,579,4,41207.85,20.77,10.89,6875.87,Delhi,5,0
15,726,971,3,7882.36,27.34,11.7,26573.88,Mumbai,7,0
16,732,387,4,16843.0,15.05,6.73,21361.47,Hyderabad,3,0
17,286,412,2,25994.65,10.85,17.73,13554.24,Delhi,3,0
18,756,842,2,11476.9,5.12,8.35,38602.33,Delhi,3,0
19,868,370,3,29047.54,26.0,10.96,57064.51,Delhi,8,0
20,258,353,2,29019.01,11.83,7.81,12585.39,Bangalore,6,1
21,570,944,4,10503.76,27.75,11.42,42765.09,Delhi,9,1
22,548,336,3,39822.94,25.43,14.83,44594.38,Hyderabad,9,1
23,840,891,3,31655.9,11.3,11.77,29987.61,Hyderabad,8,1
24,941,906,4,16024.47,17.22,8.71,53880.57,Hyderabad,1,1
25,490,289,1,11762.8,0.82,8.23,57990.13,Delhi,6,1
26,498,996,3,43961.76,7.9,14.87,21862.34,Delhi,4,1
27,905,963,1,41819.96,21.31,6.54,39131.79,Bangalore,4,1
28,894,965,4,11642.08,20.34,9.81,39800.31,Mumbai,3,1
29,705,140,4,1973.14,10.6,6.97,24337.4,Bangalore,9,0
30,333,953,3,40265.72,24.26,8.35,19144.11,Hyderabad,2,0
31,562,300,2,30852.33,7.08,6.98,56037.9,Hyderabad,1,1
32,975,13,3,5223.92,13.84,16.53,47440.9,Hyderabad,3,1
33,32,664,2,29450.44,14.18,14.51,7044.98,Bangalore,4,0
34,610,428,1,22718.7,10.22,12.29,7369.07,Hyderabad,4,0
35,43,825,2,38772.61,28.64,7.92,55368.06,Hyderabad,6,0
36,893,864,3,10612.43,20.9,11.63,5068.3,Hyderabad,1,1
37,351,400,2,22767.21,16.18,11.77,41367.6,Delhi,1,0
38,334,992,4,7980.96,15.32,12.68,13760.14,Mumbai,2,0
39,822,109,1,47884.86,4.78,5.78,2304.08,Delhi,4,0
40,559,485,4,38981.16,11.17,17.65,3766.33,Delhi,7,1
41,270,888,4,36888.78,20.18,11.05,22536.62,Mumbai,6,0
42,944,356,4,34572.29,27.74,17.04,4839.79,Mumbai,9,1
43,823,149,4,21282.15,24.49,5.13,35879.02,Bangalore,7,0
44,413,879,2,46179.46,9.01,8.22,38905.82,Mumbai,5,0
45,943,716,4,3831.27,13.02,6.35,22533.42,Bangalore,6,1
46,575,307,2,40202.3,2.49,15.01,44624.11,Bangalore,9,0
47,19,533,4,10918.59,3.07,9.16,29504.54,Delhi,1,0
48,347,60,3,16336.59,14.11,15.93,25927.66,Hyderabad,9,0
49,905,435,4,26067.6,15.91,15.82,24537.89,Delhi,6,1
50,613,21,3,39176.22,7.92,13.68,25980.17,Delhi,4,1
51,37,875,2,41959.04,19.28,13.66,58079.68,Mumbai,5,1
52,619,382,1,29269.87,21.1,14.1,40948.14,Mumbai,1,0
53,92,245,2,20271.17,8.97,13.76,19049.55,Bangalore,7,1
54,820,902,1,47335.82,22.75,10.03,44084.82,Bangalore,8,0
55,185,73,1,12476.76,6.17,13.88,19949.99,Bangalore,5,0
56,728,449,4,40194.11,16.33,16.67,7717.75,Mumbai,2,0
57,28,76,1,30680.07,24.13,9.32,28626.55,Bangalore,8,0
58,548,698,2,18969.37,16.11,17.28,45111.23,Bangalore,7,0
59,372,590,4,268.13,27.24,5.18,22784.06,Mumbai,9,0
60,832,390,1,22440.65,1.76,9.54,52176.61,Hyderabad,4,0
61,530,577,2,13980.66,17.65,6.72,23339.77,Delhi,9,0
62,345,342,1,5396.46,16.85,6.65,21120.37,Mumbai,4,1
63,419,290,1,3942.9,19.81,15.6,59894.99,Bangalore,3,1
64,196,568,4,17508.4,25.0,16.94,29051.83,Delhi,3,0
65,78,331,4,30814.92,21.78,15.11,48352.23,Mumbai,2,1
66,167,259,2,41908.46,23.71,17.7,48338.29,Delhi,3,1
67,90,426,4,9341.45,8.66,7.81,55596.89,Delhi,8,1
68,264,702,4,21347.27,11.62,6.83,5276.72,Hyderabad,8,0
69,472,6,3,19719.42,18.8,11.77,16418.97,Bangalore,2,1
70,208,6,3,25767.02,16.6,15.78,46111.34,Mumbai,2,0
71,724,191,2,40517.45,28.83,5.52,33843.57,Bangalore,2,1
72,271,148,4,27771.53,5.61,17.94,33664.97,Hyderabad,7,1
73,263,405,2,42363.41,10.54,12.83,10139.68,Hyderabad,6,1
74,506,258,3,26023.88,17.18,17.73,17012.95,Mumbai,1,0
75,785,730,3,30271.6,26.04,9.75,31375.78,Mumbai,2,0
76,512,479,3,21981.69,27.88,10.95,16775.45,Hyderabad,1,0
77,854,90,2,41190.16,10.08,14.78,12774.91,Mumbai,7,0
78,726,824,4,46206.59,2.01,15.31,5447.81,Delhi,6,0
79,886,864,1,32029.41,12.65,8.03,9512.42,Delhi,2,0
80,576,10,4,41074.97,11.83,17.09,46178.29,Hyderabad,2,0
81,524,87,2,3138.37,29.59,16.28,43182.99,Bangalore,2,0
82,722,762,3,45324.37,12.93,5.24,2940.85,Mumbai,8,0
83,312,838,1,9608.47,9.17,6.67,12356.39,Mumbai,7,1
84,174,151,2,12974.72,10.96,11.45,33715.23,Delhi,1,1
85,431,988,3,2855.84,11.91,10.99,19493.15,Mumbai,4,0
86,768,625,2,48276.93,24.65,14.21,49430.33,Bangalore,4,1
87,463,30,1,42630.14,2.43,6.17,47142.36,Mumbai,7,1
88,101,128,3,45676.59,9.5,13.38,53516.52,Mumbai,2,0
89,16,78,4,42391.37,28.99,13.01,33863.29,Delhi,4,0
90,709,421,2,24080.62,4.59,8.04,21254.17,Mumbai,1,1
91,258,55,1,46219.28,22.28,12.05,36442.67,Hyderabad,4,0
92,896,480,4,48479.75,10.69,7.89,5530.37,Hyderabad,1,1
93,244,305,1,25227.84,17.45,6.91,773.24,Bangalore,2,0
94,348,546,2,8946.11,2.99,12.45,1222.19,Bangalore,2,1
95,249,105,1,32999.4,9.19,17.71,24571.07,Bangalore,3,0
96,105,172,3,48776.83,15.03,8.08,13839.04,Bangalore,8,1
97,694,499,1,43632.91,6.95,9.62,9608.79,Delhi,6,1
98,667,22,2,43118.4,16.26,8.34,36996.5,Mumbai,6,1
99,287,287,3,46704.14,6.59,8.46,59706.68,Delhi,9,1
100,169,391,1,44718.82,19.5,10.25,10829.64,Bangalore,8,0
101,420,617,1,38858.83,27.13,14.12,32876.0,Mumbai,2,1
102,47,149,3,35969.99,2.56,5.5,7359.71,Hyderabad,6,0
103,43,272,4,13385.41,6.5,17.44,56067.34,Delhi,1,1
104,321,788,4,31142.73,25.33,5.6,17646.96,Mumbai,9,0
105,818,299,3,26170.13,18.95,16.46,52724.72,Hyderabad,4,1
106,221,172,1,43124.82,2.36,16.63,17127.97,Hyderabad,4,0
107,513,47,4,24687.29,14.59,11.82,48401.94,Bangalore,9,1
108,712,626,3,6561.59,6.29,6.78,12721.0,Hyderabad,3,1
109,441,787,2,447.63,5.97,12.35,17708.81,Hyderabad,5,0
110,144,816,1,33958.08,28.22,13.17,11710.03,Bangalore,1,1
111,890,992,2,27585.44,22.85,16.15,16002.74,Mumbai,6,1
112,28,207,1,16681.95,20.89,12.16,50124.97,Mumbai,3,1
113,854,453,4,8614.81,7.17,10.34,38414.14,Bangalore,1,1
114,850,395,2,23442.42,3.56,15.9,24471.6,Delhi,6,0
115,790,975,2,5194.27,26.12,17.75,58296.96,Bangalore,2,1
116,553,925,3,16938.2,0.18,13.39,27998.72,Mumbai,8,0
117,844,754,4,19084.75,11.64,16.37,58191.65,Delhi,2,0
118,659,301,4,23387.81,8.33,12.78,11955.9,Bangalore,4,0
119,857,708,1,23437.71,17.11,13.97,54297.38,Mumbai,3,0
120,690,676,3,12998.88,7.52,13.95,1026.57,Mumbai,9,1
121,827,176,3,42540.51,9.34,14.16,32809.13,Mumbai,2,1
122,837,855,1,17906.07,25.5,9.17,25498.53,Hyderabad,3,0
123,930,783,2,11633.45,18.1,12.48,31600.25,Hyderabad,7,1
124,167,110,1,8955.33,4.37,12.72,33296.0,Delhi,4,1
125,635,684,1,16264.4,21.79,9.1,23464.07,Delhi,6,0
126,586,963,1,3564.13,6.22,9.55,59892.23,Delhi,3,0
127,751,864,3,1838.79,12.99,14.91,58595.13,Hyderabad,1,0
128,249,202,1,30336.08,19.4,12.58,57712.37,Delhi,6,1
129,775,168,1,31033.53,8.16,6.94,58749.29,Mumbai,4,0
130,764,614,1,26573.49,11.52,15.89,47622.14,Mumbai,2,0
131,357,86,4,38161.8,22.02,16.48,59317.71,Delhi,7,1
132,111,654,2,2149.7,28.14,11.06,53563.14,Delhi,5,1
133,692,959,2,46811.46,15.88,7.72,25072.77,Hyderabad,6,1
134,700,849,2,4934.24,0.3,17.32,47129.67,Mumbai,6,1
135,820,725,2,33766.35,10.15,16.47,54741.66,Bangalore,9,1
136,719,51,3,6843.15,11.96,8.18,42813.84,Bangalore,2,1
137,234,112,3,44019.29,10.18,6.24,25482.38,Hyderabad,6,1
138,24,463,1,25633.52,13.09,10.73,4134.26,Hyderabad,9,1
139,26,442,3,4298.22,18.98,13.79,48619.88,Hyderabad,4,0
140,381,271,2,30912.86,3.63,7.28,57174.02,Mumbai,6,1
141,730,577,4,653.68,8.18,11.67,21875.3,Delhi,7,0
142,346,344,1,38845.9,15.23,10.53,9283.98,Delhi,1,1
143,378,183,1,32599.13,9.47,16.58,19724.93,Hyderabad,5,1
144,522,503,2,10788.71,29.73,10.58,35040.82,Mumbai,4,0
145,17,844,2,18862.6,12.94,11.94,19152.35,Bangalore,2,1
146,245,10,2,588.77,26.09,17.42,36715.0,Hyderabad,2,0
147,718,494,3,34745.45,26.9,8.9,58017.76,Mumbai,2,1
148,770,234,1,16268.87,25.08,8.76,40309.92,Hyderabad,7,0
149,624,298,2,28665.13,1.41,15.39,21887.03,Mumbai,4,0
150,717,244,4,47845.04,28.43,8.61,56158.03,Mumbai,6,1
151,539,509,1,15113.44,3.86,15.81,34024.99,Hyderabad,7,0
152,969,351,1,49513.85,1.03,6.24,7876.67,Delhi,9,0
153,583,267,3,31709.87,12.43,6.45,30039.06,Hyderabad,2,1
154,688,630,1,12256.02,5.84,16.72,39287.46,Delhi,9,1
155,202,656,2,21951.54,5.53,12.03,50327.61,Delhi,5,0
156,248,893,2,37074.57,8.63,14.34,56201.31,Bangalore,6,1
157,118,201,4,22434.6,7.45,7.93,19181.48,Mumbai,6,0
158,9,239,1,3611.68,20.54,7.16,9499.64,Hyderabad,3,0
159,598,334,1,8596.46,5.6,15.85,4614.95,Mumbai,7,0
160,23,915,3,39606.63,16.29,9.66,44353.61,Bangalore,7,1
161,967,415,2,32488.98,29.59,10.92,47750.46,Delhi,8,1
162,240,969,4,28577.31,12.97,5.36,24680.51,Hyderabad,5,0
163,585,484,2,8547.57,19.26,10.02,23876.34,Mumbai,2,0
164,27,437,1,41920.32,29.08,15.02,57263.37,Bangalore,3,0
165,984,999,1,48044.86,4.13,15.68,55017.54,Delhi,9,1
166,861,246,4,2236.18,12.56,14.08,14149.3,Delhi,6,0
167,81,858,1,4085.99,25.51,14.0,46892.3,Mumbai,8,1
168,596,8,4,44259.28,27.97,11.58,37437.48,Delhi,8,0
169,199,152,4,40814.5,18.04,12.0,9422.52,Bangalore,5,0
170,555,392,2,30973.14,4.3,14.65,21534.91,Delhi,1,0
171,1000,211,4,47259.27,27.04,8.21,10812.88,Hyderabad,6,0
172,775,367,1,32392.24,5.23,8.01,17850.33,Hyderabad,7,1
173,92,944,3,10956.07,10.59,17.35,36995.01,Mumbai,9,1
174,851,670,3,36486.39,11.27,5.36,22640.88,Bangalore,2,1
175,959,570,1,32356.38,13.42,6.81,23764.76,Delhi,2,1
176,84,86,3,49290.09,23.7,12.41,32470.91,Delhi,1,1
177,300,55,3,10852.01,24.06,14.59,5416.0,Delhi,5,0
178,935,713,4,29974.67,21.59,11.99,44380.08,Hyderabad,2,1
179,296,634,3,39052.34,0.66,9.62,24222.23,Bangalore,3,1
180,647,446,3,17081.36,16.95,17.71,28927.75,Delhi,2,1
181,454,620,3,19108.04,22.42,14.15,58463.12,Mumbai,4,1
182,281,304,2,44417.51,13.34,15.81,20793.14,Bangalore,3,0
183,59,132,1,20328.91,28.35,5.52,38963.49,Bangalore,9,0
184,909,421,4,31311.7,24.71,8.07,23671.76,Delhi,2,0
185,871,904,3,44484.06,19.14,9.86,53678.11,Hyderabad,7,1
186,1000,385,1,10649.36,1.87,7.37,50836.02,Bangalore,3,0
187,342,988,3,49097.49,19.57,5.95,14649.13,Mumbai,8,0
188,753,198,2,35157.29,27.35,7.93,41566.39,Bangalore,4,1
189,465,47,2,24906.86,11.38,11.94,4097.29,Hyderabad,4,1
190,880,740,3,21659.84,25.14,14.04,57798.49,Mumbai,9,1
191,342,757,3,47727.36,9.39,15.06,21069.61,Hyderabad,3,0
192,610,203,3,10445.1,17.1,5.56,49944.2,Delhi,7,1
193,62,261,2,15721.83,19.45,10.56,19242.2,Bangalore,1,0
194,776,690,2,15528.08,20.34,6.59,38039.69,Mumbai,7,0
195,625,24,1,14592.52,26.48,10.61,59018.73,Hyderabad,2,0
196,429,687,4,23533.19,7.04,10.64,52629.64,Delhi,6,0
197,658,786,4,49461.13,7.87,11.48,9789.88,Mumbai,9,0
198,728,340,2,44461.58,21.12,16.61,32939.81,Bangalore,6,1
199,256,412,4,16531.89,5.32,15.47,21042.2,Bangalore,3,0
200,828,973,3,21258.93,13.93,13.28,26173.46,Hyderabad,1,0
201,828,261,1,33540.14,0.6,16.51,20243.95,Mumbai,4,0
202,874,286,2,1054.15,4.23,13.82,20290.36,Delhi,4,0
203,770,513,2,41043.65,20.37,15.65,32644.68,Delhi,8,0
204,706,86,4,44013.94,22.42,12.33,11679.45,Delhi,7,1
205,347,850,3,42888.58,3.46,11.83,32336.25,Hyderabad,7,0
206,526,430,1,18877.71,6.83,14.41,16882.13,Delhi,7,0
207,304,581,4,23207.58,2.97,5.26,17481.18,Mumbai,2,0
208,615,31,2,816.94,13.0,13.97,44377.13,Hyderabad,9,0
209,245,710,2,20089.89,3.78,17.15,1969.7,Bangalore,6,1
210,757,603,4,23129.26,13.12,14.28,22980.56,Hyderabad,2,0
211,824,440,3,45367.32,21.96,5.48,24570.56,Hyderabad,1,0
212,780,985,1,44720.59,20.5,9.91,29209.59,Hyderabad,1,0
213,736,349,1,48311.63,8.41,15.52,40206.86,Mumbai,1,0
214,732,895,1,44278.23,20.21,17.46,22307.27,Bangalore,4,1
215,823,412,1,608.4,27.83,9.81,12945.6,Bangalore,4,1
216,412,528,3,32144.75,10.43,15.94,53115.4,Hyderabad,9,1
217,878,310,2,3598.24,9.87,16.23,58866.11,Hyderabad,1,0
218,217,949,2,13775.2,17.14,6.6,1396.88,Hyderabad,3,1
219,516,396,1,28999.72,7.37,16.0,32878.72,Mumbai,3,1
220,474,788,1,35090.57,19.55,9.22,20633.8,Mumbai,8,1
221,36,338,1,32800.67,24.97,12.71,16763.98,Delhi,2,1
222,178,674,4,2643.11,13.78,12.01,20275.24,Bangalore,6,1
223,387,437,4,5359.47,20.39,13.62,38404.89,Delhi,4,0
224,769,704,2,6603.62,19.56,14.63,11604.82,Delhi,6,1
225,17,663,2,4752.44,1.16,10.73,54789.07,Hyderabad,5,1
226,711,365,1,9076.07,5.5,16.55,28073.65,Mumbai,9,1
227,830,923,4,34486.69,26.81,15.52,19669.49,Delhi,9,0
228,48,113,3,41575.7,28.17,15.21,45978.77,Delhi,1,0
229,62,785,4,20558.93,23.41,10.96,1177.53,Delhi,3,1
230,69,176,2,34700.52,27.64,5.49,26024.8,Hyderabad,1,0
231,659,149,4,10160.81,9.18,11.4,21447.16,Hyderabad,6,0
232,871,178,2,48669.35,7.43,16.68,20424.95,Mumbai,3,1
233,366,936,1,17629.88,11.53,7.48,20356.87,Delhi,1,0
234,162,382,3,42324.17,1.66,17.77,2070.03,Delhi,6,1
235,739,223,1,47279.25,24.3,15.5,9296.56,Mumbai,5,1
236,945,259,1,43262.76,29.53,14.23,8684.73,Mumbai,8,1
237,976,785,3,3539.97,24.72,13.8,59318.91,Mumbai,2,0
238,488,189,3,32585.3,16.65,12.63,1525.51,Bangalore,8,1
239,431,306,3,6180.52,8.86,14.37,10191.0,Mumbai,5,1
240,999,378,2,482.02,5.93,10.48,58455.64,Hyderabad,8,0
241,859,602,1,2778.82,10.92,15.99,37769.74,Bangalore,4,1
242,489,343,2,45824.23,20.01,14.05,27149.89,Mumbai,4,0
243,230,774,3,45441.48,13.41,15.03,4909.9,Hyderabad,4,0
244,370,156,2,11446.05,28.02,15.3,40245.74,Mumbai,6,1
245,178,712,3,27443.65,25.63,6.2,8440.62,Mumbai,4,0
246,857,55,4,47760.41,3.07,5.72,40336.93,Bangalore,9,1
247,410,766,3,24935.97,3.95,15.41,58754.75,Hyderabad,9,0
248,568,442,1,19800.18,20.29,8.37,32011.96,Delhi,3,0
249,590,685,1,24265.78,6.92,12.57,13002.26,Mumbai,7,0
250,270,200,1,39552.74,23.73,10.77,37591.97,Bangalore,5,0
251,206,403,2,23968.43,17.74,5.29,30873.2,Hyderabad,9,1
252,793,614,1,39207.23,6.89,5.52,32081.79,Mumbai,2,1
253,740,797,3,21698.53,14.36,15.75,28790.8,Delhi,3,0
254,900,663,4,12749.88,12.18,12.9,40489.69,Hyderabad,5,1
255,751,623,1,16458.34,26.19,11.81,34402.33,Hyderabad,5,1
256,975,928,2,4075.61,0.96,17.28,59222.31,Bangalore,7,1
257,800,778,4,24969.58,26.88,7.25,49586.63,Mumbai,8,1
258,82,603,1,7575.92,19.56,8.35,16028.96,Mumbai,8,1
259,846,177,1,40615.04,22.13,14.84,43600.24,Hyderabad,1,1
260,762,449,4,21145.41,0.08,15.08,13015.16,Mumbai,1,1
261,193,743,1,38297.12,18.85,10.26,46984.32,Hyderabad,3,0
262,618,541,2,47732.13,17.65,17.36,9023.95,Delhi,1,1
263,189,955,3,42504.0,16.12,17.2,28518.52,Bangalore,1,0
264,276,301,3,47582.89,23.58,5.16,47478.25,Mumbai,8,0
265,74,707,4,28483.24,16.68,7.24,16950.74,Mumbai,1,0
266,10,307,3,8433.16,25.71,15.66,50259.72,Bangalore,9,1
267,635,751,1,46782.72,6.98,9.36,38720.21,Delhi,2,1
268,216,869,1,43451.52,24.18,6.24,23971.84,Delhi,9,0
269,290,991,2,43247.77,5.38,15.2,25520.32,Delhi,7,0
270,445,896,3,34725.07,24.39,10.91,55574.29,Delhi,9,1
271,988,267,4,31320.83,28.21,11.4,13223.9,Delhi,3,1
272,923,214,1,933.25,10.07,7.42,41663.08,Hyderabad,1,1
273,552,594,4,37453.09,15.9,13.59,42496.19,Mumbai,1,0
274,193,640,1,4758.45,19.75,12.17,55362.49,Mumbai,6,0
275,639,483,1,13135.6,2.38,7.69,42847.22,Mumbai,7,1
276,289,262,2,27664.22,14.82,9.42,35151.15,Hyderabad,9,1
277,964,67,3,22696.28,10.82,12.76,54170.85,Bangalore,6,0
278,583,574,2,985.56,26.17,17.02,49782.1,Delhi,5,1
279,649,133,3,41234.46,26.3,16.96,43063.23,Bangalore,2,1
280,144,649,4,43964.29,21.02,8.74,2148.19,Delhi,2,0
281,389,540,3,34157.27,19.67,14.56,22536.52,Delhi,8,0
282,866,512,4,27145.18,22.01,15.08,37987.0,Bangalore,1,0
283,892,211,1,48044.74,10.98,15.51,31430.58,Mumbai,8,0
284,407,988,4,6173.82,12.14,12.42,19295.24,Hyderabad,7,1
285,811,987,4,36947.92,16.61,5.14,8836.55,Bangalore,7,0
286,370,717,1,6592.36,28.14,14.9,33269.2,Mumbai,5,1
287,857,253,4,19215.87,21.72,6.39,17297.87,Delhi,3,1
288,441,38,4,29357.13,16.53,6.52,14133.43,Mumbai,7,1
289,947,43,1,36906.97,23.11,12.87,24057.7,Delhi,7,0
290,781,629,1,385.06,11.13,17.79,47172.39,Delhi,7,0
291,896,405,1,13177.77,21.91,8.15,29373.64,Mumbai,2,1
292,920,987,3,27002.38,12.32,13.4,13146.23,Delhi,3,1
293,651,702,1,26737.11,8.39,8.95,7190.81,Hyderabad,3,0
294,564,46,1,31953.8,18.29,16.68,30039.44,Mumbai,4,1
295,529,454,4,15331.91,20.61,12.72,47703.11,Bangalore,9,1
296,677,678,2,27118.36,13.78,7.7,39238.52,Delhi,1,1
297,13,305,2,9651.38,16.97,8.41,14082.5,Delhi,7,1
298,702,715,3,9506.24,20.82,10.62,26315.05,Hyderabad,7,1
299,987,233,3,28912.89,23.03,6.59,51342.78,Hyderabad,4,1
300,340,245,2,34336.53,26.87,6.02,10823.82,Bangalore,1,1
301,865,721,2,6195.92,10.64,13.84,32018.42,Delhi,3,1
302,874,760,1,6314.94,28.54,10.29,21502.64,Bangalore,5,0
303,864,295,4,28352.07,19.12,14.44,7625.95,Bangalore,2,0
304,776,839,1,13650.77,23.63,6.43,3184.25,Delhi,7,1
305,312,383,3,19741.48,20.99,12.93,33441.11,Bangalore,7,1
306,733,158,2,20157.27,6.17,10.76,1440.78,Bangalore,5,0
307,104,405,3,9091.93,2.14,5.75,6386.08,Hyderabad,6,0
308,339,1,1,265.47,21.79,12.08,20984.34,Hyderabad,1,0
309,198,217,3,42686.96,15.33,6.08,2802.51,Bangalore,4,1
310,300,928,3,35807.1,21.07,15.76,24146.62,Delhi,4,0
311,444,507,4,34588.82,14.31,13.22,7995.83,Hyderabad,8,0
312,359,761,3,27415.96,9.37,12.24,21122.41,Bangalore,2,1
313,368,904,1,35108.29,8.55,6.74,47511.35,Mumbai,1,0
314,169,581,4,46797.28,21.92,8.74,37656.59,Mumbai,7,1
315,149,30,3,33350.55,8.3,11.41,26834.98,Bangalore,6,0
316,761,627,1,13401.55,21.44,13.23,5691.63,Mumbai,5,0
317,768,520,2,28613.89,11.52,7.38,37225.15,Hyderabad,8,0
318,982,881,4,22227.76,23.13,5.12,9989.84,Delhi,2,0
319,42,275,3,27909.67,4.28,9.48,4779.86,Bangalore,2,0
320,202,492,3,25977.0,6.15,11.28,39906.96,Hyderabad,9,1
321,970,827,4,42967.01,20.58,7.4,54741.18,Delhi,1,1
322,244,951,1,32659.65,16.81,11.4,27743.49,Mumbai,6,0
323,669,926,3,9600.17,6.12,9.4,2651.56,Mumbai,3,1
324,464,847,1,3338.24,27.08,10.92,52841.8,Mumbai,5,0
325,449,36,4,21333.32,8.28,9.52,4205.03,Mumbai,8,0
326,913,311,3,977.41,12.63,13.17,52077.29,Hyderabad,7,0
327,798,44,2,16051.21,6.07,5.56,23630.8,Hyderabad,4,0
328,794,155,2,18527.47,11.64,7.22,22050.59,Delhi,8,0
329,437,77,2,18904.33,14.75,10.63,32659.28,Bangalore,2,1
330,893,590,4,48971.63,8.86,9.63,57433.67,Delhi,7,1
331,750,613,3,15334.26,23.07,10.09,53944.68,Bangalore,5,1
332,531,438,4,13408.33,11.82,15.45,28325.74,Mumbai,6,1
333,565,432,3,6643.17,21.89,16.52,41810.23,Mumbai,3,0
334,597,542,2,25648.24,6.21,8.23,34909.67,Mumbai,7,1
335,273,39,2,7852.98,11.31,15.87,41669.0,Mumbai,7,0
336,430,239,1,30891.48,0.24,10.96,49793.78,Hyderabad,2,0
337,872,13,4,7926.96,22.76,8.56,2262.73,Delhi,1,1
338,213,122,4,28918.33,18.78,17.81,19680.44,Bangalore,2,1
339,949,144,1,41348.21,24.53,15.72,57567.88,Bangalore,8,0
340,873,684,2,2317.73,13.67,17.93,56970.31,Hyderabad,3,0
341,104,455,2,21103.4,23.99,7.19,871.01,Mumbai,4,0
342,192,368,4,23160.24,19.43,6.87,12246.12,Delhi,8,1
343,941,759,3,39595.39,0.11,11.54,59627.45,Mumbai,3,0
344,689,247,2,23502.2,7.61,13.3,29670.94,Hyderabad,6,0
345,659,923,1,28463.28,14.82,7.22,34457.39,Bangalore,2,0
346,380,45,1,39601.97,18.56,16.19,10151.93,Hyderabad,3,0
347,967,765,1,28075.97,1.97,11.92,53681.27,Bangalore,1,1
348,81,375,4,18043.31,21.15,10.34,14029.61,Delhi,9,1
349,705,291,4,4474.95,16.31,12.83,11540.93,Bangalore,4,0
350,549,207,4,36549.8,15.77,13.25,13841.72,Delhi,6,1
351,377,924,4,43582.68,8.76,5.56,55193.38,Mumbai,7,0
352,838,995,1,48509.21,17.84,18.0,42230.23,Mumbai,2,1
353,154,519,1,46344.67,0.82,9.73,46162.06,Hyderabad,8,1
354,642,958,4,39911.41,1.94,5.8,22746.77,Delhi,9,1
355,571,242,4,32244.9,22.02,16.08,54568.79,Mumbai,2,1
356,736,622,1,39116.72,9.66,17.91,47406.6,Delhi,5,0
357,761,114,4,21717.77,10.41,15.61,45085.72,Mumbai,2,0
358,240,819,4,29819.86,6.25,16.07,58262.23,Mumbai,5,0
359,374,302,4,17565.25,13.37,13.14,22098.57,Bangalore,7,1
360,901,276,4,16470.12,1.56,16.99,36736.22,Hyderabad,6,1
361,805,96,2,37883.25,9.01,5.46,54613.8,Bangalore,4,0
362,799,294,4,22805.85,15.81,14.97,47495.16,Delhi,2,1
363,204,701,1,10765.63,13.97,13.72,33890.06,Mumbai,7,1
364,611,360,1,10256.52,29.99,5.64,4757.58,Hyderabad,9,0
365,350,288,1,42986.78,11.66,12.07,39232.86,Mumbai,1,1
366,688,154,1,33952.47,11.61,11.7,31688.02,Mumbai,3,0
367,774,570,4,27393.09,15.11,13.99,11213.99,Bangalore,7,1
368,783,423,2,20166.75,5.71,6.01,52958.74,Delhi,9,0
369,143,916,3,21654.71,26.29,15.47,20726.27,Hyderabad,5,1
370,189,850,3,3060.27,17.17,6.81,23371.3,Hyderabad,7,1
371,272,50,3,22854.53,5.76,10.44,40409.61,Hyderabad,7,1
372,532,207,3,39813.65,23.8,16.46,29430.16,Delhi,4,1
373,845,564,1,19521.73,1.03,12.29,5539.01,Hyderabad,5,1
374,300,854,4,19302.35,29.48,9.93,23369.01,Delhi,2,0
375,426,883,4,982.69,25.95,5.63,5849.07,Hyderabad,8,1
376,46,662,3,23000.2,17.39,13.74,11606.87,Mumbai,1,0
377,95,565,3,1461.82,3.34,17.83,629.03,Delhi,2,0
378,930,213,2,28603.4,6.46,16.85,11042.52,Bangalore,3,0
379,64,66,2,25437.81,8.38,14.32,19960.75,Hyderabad,7,1
380,413,232,2,42032.42,7.23,6.37,32385.46,Bangalore,6,0
381,643,885,1,29172.67,14.93,8.11,55172.78,Delhi,7,1
382,9,811,4,16306.68,28.34,7.43,32511.55,Mumbai,5,1
383,459,850,1,25908.3,13.33,9.62,42395.09,Bangalore,4,1
384,715,663,1,35045.38,19.85,8.06,21589.09,Bangalore,7,0
385,409,717,4,4879.4,20.66,8.18,45147.52,Mumbai,3,1
386,470,320,2,31129.49,26.15,13.02,37304.03,Mumbai,7,1
387,810,767,4,45847.99,1.01,9.14,27695.68,Delhi,2,1
388,506,137,3,15096.69,12.13,13.8,11787.37,Hyderabad,8,0
389,686,881,2,31405.93,23.54,17.32,18351.75,Bangalore,6,0
390,73,647,4,41102.21,24.45,13.3,37332.58,Bangalore,3,0
391,84,937,1,25687.96,27.82,14.77,25678.17,Delhi,3,0
392,59,566,4,35955.38,21.08,14.77,53385.32,Hyderabad,5,1
393,21,65,2,15688.31,7.35,9.3,14243.45,Delhi,3,0
394,458,514,3,15441.71,15.17,5.19,4569.74,Bangalore,6,1
395,918,132,1,33445.68,0.97,5.72,35443.04,Bangalore,2,0
396,157,334,3,35329.36,19.41,8.67,53185.84,Mumbai,8,1
397,831,32,3,46863.08,16.63,13.96,22011.39,Mumbai,9,0
398,329,868,1,11396.96,20.01,16.79,38933.14,Hyderabad,7,0
399,573,898,4,23517.24,27.9,17.46,14038.47,Bangalore,3,0
400,576,872,4,12675.57,20.62,5.34,33596.62,Bangalore,4,1
401,837,498,3,4188.59,9.61,17.87,47250.17,Mumbai,2,1
402,680,243,4,20280.88,5.96,9.19,52048.49,Delhi,9,0
403,203,192,2,18829.22,25.64,15.96,6486.12,Delhi,5,0
404,641,142,3,13667.62,5.83,7.34,21511.2,Bangalore,2,0
405,757,660,3,14990.35,4.85,5.82,38450.74,Bangalore,6,0
406,106,601,3,18148.51,6.2,9.92,2276.43,Hyderabad,7,0
407,833,561,2,49444.11,15.27,16.17,41498.79,Hyderabad,2,0
408,122,648,3,39191.3,3.73,7.87,31776.43,Mumbai,1,1
409,318,988,4,3755.78,28.14,7.0,17456.26,Bangalore,7,1
410,182,191,4,43646.18,28.99,16.83,48916.34,Delhi,1,1
411,615,942,4,31738.51,29.21,17.2,17545.03,Hyderabad,3,1
412,316,149,4,44551.57,1.17,5.16,59486.62,Mumbai,4,1
413,814,599,3,17217.14,28.39,14.46,49018.94,Mumbai,2,1
414,773,416,2,23333.04,29.92,9.02,42537.23,Delhi,7,0
415,625,520,1,44832.11,28.27,9.87,3868.58,Hyderabad,5,0
416,406,735,4,13774.14,20.13,11.1,54277.76,Delhi,1,0
417,986,869,1,45791.94,21.04,10.55,47445.31,Mumbai,8,0
418,949,16,1,41459.29,3.67,11.69,13895.7,Bangalore,7,0
419,70,808,3,49031.79,26.23,12.57,23656.44,Delhi,4,1
420,160,106,4,16348.03,1.79,11.05,16264.17,Mumbai,2,1
421,240,283,4,11940.51,9.53,14.12,59068.08,Bangalore,7,1
422,523,104,4,16677.17,29.73,14.34,51280.95,Bangalore,2,1
423,138,361,1,47741.56,12.67,10.72,55827.47,Hyderabad,6,1
424,495,658,4,16787.05,3.93,6.85,47368.7,Hyderabad,1,0
425,679,35,4,28347.55,29.08,13.33,27489.62,Mumbai,7,1
426,247,113,2,20303.23,29.52,15.05,12484.97,Delhi,7,1
427,866,308,3,19931.76,5.61,13.3,12643.19,Bangalore,4,1
428,543,911,4,9830.25,25.94,12.64,9270.63,Hyderabad,4,0
429,524,959,4,26946.56,11.71,7.98,32889.64,Hyderabad,5,0
430,243,53,3,42500.33,11.44,13.39,55214.0,Delhi,2,0
431,620,859,3,2664.35,7.88,9.35,59509.52,Hyderabad,9,0
432,336,81,1,44483.48,1.34,16.95,17380.53,Mumbai,4,0
433,422,616,1,33340.55,8.04,13.5,41899.41,Delhi,9,0
434,835,834,1,30913.56,1.61,8.62,35906.46,Bangalore,3,1
435,194,369,3,31369.83,27.73,11.15,29438.38,Mumbai,9,1
436,308,242,2,14954.24,19.85,16.01,40012.96,Bangalore,1,1
437,645,31,4,20874.2,26.6,9.36,22407.51,Bangalore,7,0
438,907,829,3,40004.64,21.52,11.83,56680.19,Hyderabad,4,0
439,506,704,2,15457.78,3.94,13.84,42385.84,Mumbai,7,0
440,281,869,3,23607.01,28.22,14.81,45301.23,Mumbai,6,0
441,803,361,2,1177.69,27.0,7.26,14696.84,Delhi,4,1
442,675,233,3,36731.21,10.44,12.35,10281.2,Mumbai,4,0
443,790,610,3,21001.57,3.35,16.86,23781.58,Delhi,8,0
444,933,34,2,26362.87,21.12,17.59,46047.01,Mumbai,7,0
445,982,243,2,5911.53,21.85,13.53,56340.0,Bangalore,4,0
446,439,951,2,49587.37,26.9,17.79,25754.32,Delhi,6,0
447,715,59,2,15262.9,1.58,12.42,46494.58,Mumbai,6,1
448,608,771,2,31822.49,4.25,10.75,28330.38,Delhi,1,0
449,483,529,2,29145.57,17.95,12.17,17854.65,Hyderabad,2,0
450,223,78,2,39297.59,18.57,6.5,44408.06,Hyderabad,4,1
451,749,718,2,14833.08,1.01,10.22,47932.49,Delhi,6,0
452,117,302,3,37845.18,11.91,10.96,12329.88,Delhi,6,0
453,968,678,2,19248.59,17.52,16.03,18449.14,Bangalore,1,1
454,192,803,2,20675.82,22.14,14.86,29787.66,Mumbai,8,1
455,788,897,3,33701.08,9.48,12.82,11354.01,Hyderabad,2,1
456,618,112,3,39257.43,14.52,9.51,55744.29,Hyderabad,5,1
457,994,413,1,33409.96,24.42,7.43,35561.77,Mumbai,4,1
458,516,900,1,45014.0,28.62,9.52,7447.96,Hyderabad,5,1
459,530,317,2,14400.92,6.91,13.84,11204.99,Hyderabad,5,1
460,307,865,2,45050.71,7.59,8.42,57270.45,Delhi,8,1
461,964,145,1,6717.0,28.19,10.55,44342.48,Hyderabad,7,1
462,532,668,1,33044.61,11.88,10.03,44117.42,Hyderabad,9,1
463,122,690,4,27472.01,21.55,14.95,4535.42,Hyderabad,1,0
464,649,858,4,24832.87,18.37,16.49,53738.87,Mumbai,6,1
465,592,648,2,15683.42,8.57,14.09,26735.37,Bangalore,6,1
466,154,930,4,25285.89,19.61,9.44,39651.1,Delhi,2,1
467,870,827,1,8256.31,19.67,10.63,57589.42,Bangalore,8,1
468,537,18,2,18592.18,17.77,6.86,6180.74,Hyderabad,6,1
469,452,351,3,5114.31,2.99,7.19,29040.13,Hyderabad,9,0
470,169,955,3,28677.96,29.86,7.14,3166.84,Hyderabad,5,0
471,59,155,1,4969.24,12.01,6.7,30072.82,Bangalore,7,0
472,301,784,4,8185.16,19.15,7.33,15285.11,Mumbai,6,1
473,553,506,3,4456.25,26.57,7.63,54681.72,Mumbai,5,1
474,550,778,4,19189.27,12.7,6.45,24029.85,Delhi,6,0
475,117,360,3,42129.53,23.22,13.32,38105.57,Bangalore,4,1
476,787,332,4,45363.44,29.15,17.88,51645.18,Mumbai,3,1
477,782,918,3,3780.09,10.77,16.43,59024.77,Delhi,1,0
478,127,528,3,31800.6,12.16,5.59,30328.4,Hyderabad,1,1
479,405,12,2,34282.39,27.17,10.5,27454.31,Hyderabad,6,1
480,399,75,2,26781.74,4.79,16.17,4729.23,Delhi,9,1
481,515,212,1,33415.85,0.86,6.75,961.79,Mumbai,8,1
482,805,691,3,11837.8,27.27,16.02,36606.37,Bangalore,2,1
483,885,641,4,24584.28,24.65,12.71,4114.77,Delhi,9,1
484,498,283,3,19665.62,29.18,17.11,22946.66,Mumbai,8,1
485,942,195,4,4667.46,1.75,16.39,415.66,Delhi,9,0
486,528,780,4,31352.71,4.69,13.8,36990.6,Mumbai,4,0
487,398,30,3,24861.72,3.16,13.55,25639.83,Hyderabad,9,1
488,265,9,4,13903.67,20.5,7.77,7795.84,Delhi,2,1
489,751,309,1,23789.53,18.18,6.52,17922.78,Bangalore,1,0
490,263,445,2,38809.84,10.78,10.4,34265.71,Delhi,9,0
491,398,310,4,40122.56,1.72,7.43,39471.46,Hyderabad,8,0
492,646,677,3,32546.4,19.19,6.33,27847.69,Hyderabad,7,0
493,725,705,2,23493.84,17.1,8.93,48276.76,Mumbai,8,0
494,527,426,1,28872.33,3.39,16.19,6923.94,Hyderabad,1,0
495,436,817,4,19373.77,27.27,5.22,5255.83,Mumbai,9,0
496,840,772,4,6502.51,5.97,8.8,2845.81,Hyderabad,9,1
497,930,704,2,19403.91,22.31,10.51,32242.5,Mumbai,9,0
498,360,591,4,26610.57,26.55,11.64,42432.66,Bangalore,6,0
499,129,691,3,30021.93,17.38,7.36,8005.18,Mumbai,4,0
500,864,91,2,46802.89,7.41,17.53,38408.95,Mumbai,2,1
501,634,456,2,38911.21,9.28,12.53,28721.48,Bangalore,4,1
502,241,444,4,7769.23,26.57,11.79,59243.2,Mumbai,7,1
503,627,727,1,8874.27,8.95,5.11,43104.92,Mumbai,1,0
504,709,79,1,5204.64,22.39,11.31,39516.91,Bangalore,9,0
505,222,475,1,36961.45,29.7,15.89,34312.89,Hyderabad,3,0
506,214,927,1,35364.89,29.99,7.86,59842.5,Delhi,4,1
507,916,103,2,49320.87,16.0,9.57,58831.46,Mumbai,5,1
508,592,623,2,26196.77,24.8,5.27,32379.28,Hyderabad,3,1
509,775,456,4,41355.46,29.71,17.7,27419.96,Delhi,4,1
510,135,990,1,28906.7,11.24,5.87,27834.47,Bangalore,5,1
511,818,314,1,43729.52,7.57,16.68,25814.87,Mumbai,1,1
512,754,247,4,36106.85,3.43,9.07,31977.62,Mumbai,9,0
513,386,234,4,32215.62,4.23,12.64,16560.34,Bangalore,4,1
514,303,594,4,28343.11,25.61,13.83,55621.97,Mumbai,9,1
515,782,644,3,36203.93,17.66,6.83,29515.76,Delhi,4,1
516,287,235,4,21098.76,26.21,10.77,50552.07,Delhi,1,1
517,562,790,4,5009.51,23.68,9.23,28623.16,Bangalore,5,0
518,189,387,3,2191.31,20.21,5.74,43153.76,Mumbai,9,0
519,297,847,1,24055.38,18.28,15.83,20345.54,Hyderabad,3,1
520,526,611,2,30044.72,1.45,5.59,37563.45,Mumbai,5,0
521,389,943,1,4126.68,26.17,13.49,30002.61,Bangalore,3,0
522,459,38,2,14487.8,12.54,9.08,22153.43,Hyderabad,3,0
523,744,161,2,16237.2,16.79,7.5,52917.06,Delhi,1,0
524,261,462,4,28227.22,0.66,13.67,6940.16,Delhi,2,0
525,704,944,4,14068.43,28.08,12.47,29318.0,Hyderabad,2,0
526,925,449,3,4963.3,27.08,9.1,11823.27,Hyderabad,9,0
527,715,117,1,8409.87,16.3,11.67,51691.09,Bangalore,7,1
528,773,241,1,8862.6,17.32,8.2,15357.47,Mumbai,8,0
529,113,26,2,42166.21,21.15,16.23,38079.13,Delhi,2,1
530,886,648,4,14359.12,7.94,9.08,10100.7,Mumbai,9,0
531,864,562,4,35791.65,6.66,8.19,24413.84,Delhi,3,0
532,36,976,1,28478.37,20.22,14.77,53981.56,Mumbai,2,0
533,79,806,3,48856.53,3.13,5.23,10130.65,Delhi,1,1
534,275,906,4,13786.57,13.62,8.48,39859.11,Mumbai,9,0
535,960,298,3,8086.98,14.78,9.88,12429.72,Bangalore,8,1
536,278,805,1,2791.48,11.44,16.47,25061.79,Delhi,4,0
537,674,154,1,12199.79,5.56,17.36,32528.89,Bangalore,7,0
538,312,732,3,34266.73,10.66,14.31,34722.92,Delhi,3,1
539,529,652,4,4445.86,10.13,11.4,36230.18,Delhi,3,0
540,204,468,1,12386.15,14.98,13.33,38479.86,Delhi,4,0
541,985,49,2,42794.36,20.24,10.38,16451.77,Mumbai,2,0
542,952,654,1,29231.06,29.05,8.88,24201.78,Delhi,4,1
543,17,46,4,3662.17,4.32,17.36,2431.66,Bangalore,3,0
544,714,675,2,2574.62,26.19,6.5,46171.67,Mumbai,8,0
545,476,285,1,3243.92,8.53,9.5,50258.55,Mumbai,2,0
546,511,780,4,47105.38,17.74,16.69,12114.36,Delhi,9,1
547,210,628,4,42523.6,16.4,14.4,12246.35,Hyderabad,3,0
548,499,82,1,42278.01,16.71,5.38,2713.78,Mumbai,4,1
549,402,44,4,46225.99,21.7,5.3,58228.95,Delhi,3,0
550,429,706,3,25361.72,11.45,11.71,48469.76,Bangalore,3,0
551,992,770,2,12517.76,9.57,11.3,21770.05,Hyderabad,8,1
552,78,955,3,20187.13,25.59,10.76,29018.11,Mumbai,8,1
553,568,273,1,35999.43,6.6,8.93,17659.62,Hyderabad,6,1
554,80,394,3,43826.44,5.41,17.83,35915.19,Mumbai,4,1
555,306,786,1,21867.53,0.47,8.54,43095.04,Hyderabad,1,1
556,58,790,1,26861.97,6.32,11.37,26952.63,Hyderabad,4,0
557,530,595,4,46602.79,15.56,10.26,52440.93,Bangalore,8,0
558,208,58,4,5553.43,16.16,7.21,31118.15,Hyderabad,6,1
559,511,565,1,43142.5,7.63,7.63,8826.35,Bangalore,2,0
560,977,1,2,8133.51,2.17,16.94,37413.02,Delhi,3,0
561,135,216,2,24296.3,22.34,16.16,27841.41,Mumbai,7,1
562,844,317,2,11077.47,22.74,7.59,56153.18,Bangalore,4,1
563,994,228,3,30226.79,29.94,16.38,23635.26,Mumbai,4,1
564,522,473,1,28016.96,27.0,7.72,24291.37,Bangalore,5,0
565,581,484,4,19124.37,27.78,13.15,39116.25,Mumbai,8,1
566,853,766,3,43192.52,23.95,6.06,31713.78,Bangalore,7,0
567,899,671,3,33058.7,18.47,16.44,22592.1,Mumbai,9,1
568,83,287,4,36116.02,3.86,5.67,59388.51,Delhi,5,1
569,621,511,1,7702.85,18.67,12.21,18270.69,Mumbai,1,1
570,44,578,3,44181.65,1.68,15.14,16796.22,Delhi,4,1
571,483,915,1,8518.6,26.56,6.52,51892.77,Delhi,6,0
572,966,821,1,11294.69,14.45,10.26,401.7,Delhi,6,0
573,910,972,1,6577.15,20.92,5.55,12234.94,Hyderabad,9,0
574,644,458,4,22129.89,1.57,13.88,35508.71,Mumbai,5,1
575,493,95,1,44407.92,16.03,9.0,9914.54,Hyderabad,5,0
576,499,493,3,12771.89,9.04,12.27,59151.07,Hyderabad,6,0
577,18,765,4,18812.92,8.55,17.13,27958.9,Mumbai,6,0
578,605,150,4,42334.11,11.69,8.98,35922.37,Delhi,3,1
579,995,23,3,30967.2,0.02,5.63,9790.33,Hyderabad,6,0
580,948,756,4,37630.5,14.0,13.78,17504.81,Hyderabad,8,1
581,294,215,3,10857.2,14.6,15.23,36954.56,Bangalore,6,1
582,976,399,2,35881.2,25.89,17.45,33063.29,Mumbai,5,0
583,148,410,3,11535.01,13.46,7.05,47104.96,Hyderabad,3,0
584,472,131,4,49368.24,10.91,10.1,16300.14,Mumbai,1,1
585,995,855,3,28082.33,29.84,15.97,39281.82,Mumbai,5,1
586,172,148,2,34842.84,17.14,15.49,17600.34,Hyderabad,6,1
587,563,381,1,6096.4,14.18,13.12,35287.81,Mumbai,6,0
588,531,109,1,12682.67,14.88,8.5,36380.85,Delhi,6,1
589,120,552,1,7159.08,24.28,8.69,7485.98,Hyderabad,3,1
590,836,121,4,19630.5,10.22,6.61,33008.26,Hyderabad,4,1
591,737,295,2,14349.97,11.67,16.98,913.91,Hyderabad,3,0
592,66,120,3,36699.53,22.68,7.25,30172.4,Bangalore,2,1
593,141,456,3,5613.71,2.19,12.45,41911.81,Bangalore,8,1
594,446,530,3,37652.56,25.96,12.6,4555.4,Bangalore,7,1
595,506,169,3,2476.1,12.91,9.8,56334.91,Bangalore,8,1
596,189,710,4,10260.49,17.44,9.58,27633.58,Hyderabad,6,1
597,158,923,4,39639.86,22.72,13.69,56317.29,Delhi,7,0
598,610,996,2,37190.28,7.98,10.05,6622.43,Mumbai,1,0
599,670,143,3,23921.04,26.71,8.32,57004.18,Mumbai,5,1
600,947,37,1,2689.14,29.38,10.19,6729.99,Hyderabad,4,1
601,246,698,4,30572.71,14.83,15.5,27797.45,Delhi,3,1
602,856,261,2,20454.86,28.11,17.56,56291.93,Mumbai,2,1
603,944,231,2,15963.1,0.03,13.27,14115.95,Delhi,9,1
604,748,254,4,32092.45,26.83,15.17,2280.14,Hyderabad,8,1
605,33,329,1,21943.41,9.33,11.93,47628.02,Bangalore,2,0
606,361,903,1,4802.57,9.34,13.12,35833.84,Delhi,6,1
607,753,297,3,45814.33,6.84,17.85,30932.49,Mumbai,3,1
608,330,980,4,38968.96,9.51,10.7,2253.73,Mumbai,3,0
609,512,10,1,3007.63,6.4,5.86,39263.23,Mumbai,5,0
610,850,446,4,26348.18,27.18,17.44,10463.08,Bangalore,7,0
611,787,922,2,4352.2,26.97,15.31,55885.56,Delhi,7,0
612,71,836,2,41897.03,3.07,10.18,41206.47,Delhi,1,1
613,313,230,2,30728.1,4.29,17.77,42480.63,Mumbai,7,0
614,915,536,4,8787.97,25.86,9.49,14108.3,Delhi,7,0
615,728,78,3,1232.92,11.97,9.84,52869.08,Mumbai,6,0
616,79,425,3,1772.73,5.08,12.93,32356.41,Delhi,6,1
617,169,193,1,25466.8,15.32,8.57,51453.63,Bangalore,2,1
618,810,401,4,36771.8,12.5,14.08,16402.66,Bangalore,3,1
619,983,109,3,6217.85,6.57,6.99,45376.61,Hyderabad,3,0
620,180,792,4,11219.95,21.62,6.4,34559.1,Hyderabad,3,1
621,628,923,3,16497.55,18.94,11.95,3095.47,Hyderabad,2,0
622,260,263,2,11060.22,2.99,12.22,24439.47,Delhi,9,0
623,486,329,2,19688.56,27.76,6.39,11197.85,Bangalore,6,0
624,772,363,1,28068.83,16.75,17.53,21678.58,Bangalore,2,0
625,5,867,2,34309.85,7.51,12.45,23124.43,Bangalore,3,1
626,297,378,3,48196.0,6.19,6.96,28600.72,Mumbai,6,1
627,620,780,1,46556.01,4.08,9.05,36097.37,Delhi,4,1
628,855,341,1,28592.32,12.74,15.4,34344.46,Delhi,7,1
629,360,259,2,36760.67,4.07,11.8,2531.69,Hyderabad,6,0
630,117,335,4,47553.44,12.47,7.45,45091.22,Mumbai,6,0
631,357,85,2,4356.9,4.46,6.34,56961.2,Mumbai,3,0
632,957,522,2,480.61,19.7,10.6,21051.14,Bangalore,8,0
633,843,801,1,1684.03,23.56,9.39,10948.86,Hyderabad,9,0
634,439,814,2,28254.8,16.49,13.53,32492.09,Delhi,6,1
635,331,571,3,38189.1,20.4,17.03,42353.79,Mumbai,2,1
636,525,308,1,18480.33,28.15,8.22,40798.51,Bangalore,1,0
637,654,262,2,27352.91,19.15,16.12,36804.15,Delhi,3,0
638,188,898,4,25915.04,10.92,16.97,8944.69,Bangalore,3,1
639,968,797,3,4919.59,13.48,16.73,50242.13,Delhi,8,1
640,281,631,4,16215.1,25.82,17.38,25652.17,Bangalore,5,0
641,511,680,3,1167.87,3.92,15.95,13443.82,Delhi,1,1
642,466,865,4,5713.14,9.77,12.72,5358.72,Hyderabad,4,1
643,115,701,2,40630.54,17.32,10.33,25119.8,Delhi,7,0
644,940,452,3,41504.79,20.29,11.39,37154.79,Delhi,5,0
645,236,251,1,40136.93,22.9,16.34,39989.59,Delhi,6,1
646,338,324,1,36395.57,9.55,8.92,57771.67,Bangalore,4,1
647,522,925,4,39706.98,4.38,7.07,9358.26,Mumbai,2,0
648,199,229,4,33614.92,28.65,6.83,59149.27,Delhi,9,1
649,764,702,4,33557.7,2.29,15.75,39349.62,Delhi,2,1
650,50,828,3,33434.62,2.87,14.9,27362.9,Hyderabad,2,1
651,940,636,1,25799.33,14.85,11.47,53314.01,Delhi,2,0
652,142,596,2,18294.69,24.58,8.57,41729.89,Hyderabad,1,1
653,783,297,3,36563.72,23.24,13.81,21053.29,Delhi,3,1
654,528,727,4,15072.57,28.13,5.5,53068.32,Bangalore,6,0
655,514,237,1,27236.53,4.25,12.39,40063.6,Mumbai,7,0
656,670,978,4,21781.11,11.27,10.18,41990.47,Mumbai,1,1
657,30,625,2,13975.79,8.46,17.71,53804.12,Mumbai,5,0
658,82,217,2,48739.56,25.83,11.6,27015.29,Bangalore,5,0
659,31,833,1,13085.83,14.65,12.18,39482.87,Hyderabad,1,1
660,748,246,3,15602.79,0.81,14.26,44732.4,Mumbai,4,0
661,333,448,2,8247.06,21.24,11.3,27345.62,Bangalore,1,1
662,660,847,2,41184.44,11.66,7.92,5190.44,Bangalore,1,1
663,177,319,2,29412.15,15.93,11.98,46332.1,Delhi,7,0
664,370,994,2,30729.35,26.81,17.28,3059.42,Hyderabad,7,1
665,547,432,4,41063.96,7.7,10.33,43131.28,Bangalore,3,1
666,535,404,4,17277.4,7.21,13.84,54670.34,Hyderabad,7,1
667,106,886,3,9842.94,7.9,17.71,20948.75,Mumbai,3,1
668,97,37,1,10080.59,10.14,15.79,6303.29,Mumbai,2,1
669,230,576,1,36684.47,3.22,13.57,14125.27,Mumbai,4,0
670,227,731,1,30782.93,20.92,14.57,33824.44,Delhi,3,0
671,371,342,2,10475.68,6.22,17.17,56571.05,Delhi,7,1
672,100,389,4,7424.26,27.78,17.48,30834.51,Hyderabad,1,1
673,445,34,4,6210.23,6.47,17.6,6941.69,Hyderabad,6,0
674,468,39,3,31464.37,7.67,13.13,37741.43,Delhi,2,1
675,55,579,1,205.91,8.91,10.0,44024.13,Bangalore,8,1
676,195,209,4,1112.3,23.06,6.73,23718.36,Hyderabad,5,1
677,520,830,3,19599.75,12.83,10.01,43346.54,Hyderabad,3,0
678,424,856,1,34629.22,24.58,17.26,19624.4,Mumbai,7,1
679,315,152,2,34812.96,23.55,16.57,47387.59,Hyderabad,2,0
680,128,899,4,21619.89,27.88,11.81,20596.12,Hyderabad,5,1
681,32,365,4,34615.47,22.7,11.98,15515.2,Bangalore,8,1
682,93,199,1,26150.59,1.56,9.02,52775.05,Hyderabad,1,0
683,519,601,2,48851.18,25.12,10.91,32998.71,Bangalore,1,0
684,258,760,2,8290.52,28.14,14.29,17252.35,Mumbai,3,1
685,853,835,4,30113.23,29.81,10.23,56118.2,Delhi,3,1
686,902,79,1,24663.69,3.76,7.44,41512.9,Mumbai,7,1
687,220,477,3,9884.42,18.4,12.03,13397.88,Bangalore,6,0
688,752,434,4,37549.52,5.98,7.93,36955.61,Bangalore,7,1
689,106,797,2,13920.3,7.88,17.67,52247.46,Hyderabad,4,0
690,548,842,3,19209.15,22.37,10.07,41829.96,Hyderabad,2,1
691,416,32,1,18866.56,29.33,16.83,14836.6,Delhi,2,1
692,557,87,2,12361.38,17.85,7.93,39001.13,Bangalore,1,1
693,810,551,3,21649.13,25.52,7.46,37225.73,Bangalore,9,1
694,309,393,4,23772.62,0.27,13.02,49286.45,Mumbai,7,1
695,366,613,2,37262.24,1.1,15.13,10852.33,Delhi,3,1
696,521,244,1,38300.42,17.9,12.37,42038.15,Mumbai,2,1
697,459,232,2,8096.09,11.67,7.99,1836.77,Hyderabad,3,0
698,599,910,4,29720.06,26.69,5.49,41831.28,Hyderabad,7,1
699,370,580,1,44830.65,9.06,13.04,57634.15,Mumbai,5,1
700,331,192,4,5617.57,12.96,6.7,10628.42,Hyderabad,3,1
701,689,916,3,23751.12,15.84,9.46,18815.73,Mumbai,9,1
702,642,540,2,37567.59,8.19,13.79,35055.72,Bangalore,2,0
703,707,270,4,30652.27,27.25,6.27,43997.22,Bangalore,7,0
704,11,940,3,5209.17,13.94,6.65,20793.41,Hyderabad,6,1
705,818,738,1,19950.99,12.72,5.8,39922.69,Delhi,6,1
706,507,77,1,25460.53,25.49,17.95,53976.87,Bangalore,7,0
707,419,735,3,49793.11,9.36,10.03,43648.22,Hyderabad,6,0
708,122,993,3,9094.67,24.52,16.78,42719.16,Delhi,2,0
709,911,884,1,49124.7,3.67,8.82,23041.85,Hyderabad,5,1
710,235,167,4,18932.26,5.48,14.79,54703.47,Mumbai,3,0
711,331,284,3,10175.96,28.53,7.85,16783.91,Hyderabad,9,0
712,543,704,4,20822.63,25.27,11.48,12475.77,Mumbai,8,1
713,348,89,1,30776.96,11.64,15.72,21980.59,Bangalore,2,1
714,958,544,4,10832.17,19.15,15.61,39079.34,Bangalore,1,1
715,412,649,4,14713.67,28.29,15.33,51728.34,Hyderabad,4,0
716,224,156,3,42756.42,6.36,15.71,8098.31,Delhi,4,0
717,153,250,4,49950.67,1.77,7.75,48865.37,Hyderabad,2,0
718,212,95,4,16045.0,16.12,11.27,48806.84,Hyderabad,7,0
719,92,17,4,7613.07,4.28,11.3,35297.78,Bangalore,3,1
720,921,117,1,39699.91,5.62,16.58,45686.75,Bangalore,7,0
721,331,983,1,30102.69,26.75,8.86,11076.47,Hyderabad,7,1
722,467,333,2,5199.98,0.22,17.11,10341.24,Bangalore,1,0
723,860,823,1,47349.22,24.5,10.86,51795.44,Mumbai,6,0
724,641,522,1,4086.87,15.51,13.71,29989.28,Hyderabad,4,0
725,955,80,2,31342.75,16.78,8.5,14907.05,Bangalore,8,1
726,709,646,2,21312.08,20.15,10.33,41386.08,Hyderabad,8,0
727,970,432,3,27919.87,12.94,14.23,53534.13,Bangalore,3,1
728,554,203,3,10818.07,3.47,11.67,38012.89,Mumbai,4,1
729,878,116,1,34467.9,3.08,17.1,20971.23,Mumbai,1,1
730,930,963,4,47994.04,22.63,14.58,29097.62,Hyderabad,2,1
731,228,220,3,23029.61,6.63,12.34,45185.71,Mumbai,7,0
732,194,253,3,26243.32,0.84,16.53,4236.57,Mumbai,7,0
733,530,169,1,12142.62,29.39,13.65,13186.44,Bangalore,9,1
734,845,847,4,44615.03,29.41,13.42,27862.47,Hyderabad,9,1
735,243,316,2,48564.49,11.34,8.2,36333.61,Bangalore,9,0
736,389,717,2,39357.58,0.77,10.13,20482.1,Bangalore,6,0
737,276,810,1,27230.12,21.82,13.88,18043.78,Delhi,8,1
738,450,372,1,47848.48,24.93,16.59,2674.77,Mumbai,9,0
739,639,760,4,7861.73,3.75,9.1,2149.59,Bangalore,7,0
740,587,877,1,24028.84,4.06,7.8,16865.95,Bangalore,4,0
741,574,977,1,26972.76,24.67,12.72,31924.26,Bangalore,4,1
742,478,583,1,24697.44,27.66,5.87,33471.02,Mumbai,6,1
743,480,156,4,40160.43,23.72,14.29,29742.84,Mumbai,4,1
744,288,614,1,33586.06,6.02,14.14,24710.86,Mumbai,7,1
745,698,13,3,6507.59,12.35,9.61,15287.04,Hyderabad,8,1
746,690,508,4,17453.28,18.03,16.6,24161.53,Bangalore,8,0
747,678,465,3,17086.03,4.81,11.53,8497.85,Mumbai,8,0
748,695,783,4,28368.48,6.32,13.39,7092.5,Bangalore,2,0
749,540,804,3,14714.63,8.49,7.72,18136.61,Hyderabad,2,1
750,330,220,4,6040.13,15.29,10.43,59721.86,Delhi,2,0
751,470,15,2,32753.4,15.32,16.21,19724.52,Hyderabad,2,1
752,759,750,1,42581.64,24.43,7.77,56200.09,Mumbai,4,1
753,849,117,1,46594.08,22.59,10.08,23657.28,Mumbai,5,1
754,534,331,4,48634.41,27.41,9.13,26452.8,Hyderabad,4,1
755,939,56,3,39099.62,24.99,6.96,47864.36,Bangalore,5,1
756,467,351,2,7157.18,7.62,8.77,5799.57,Mumbai,4,1
757,977,132,3,42684.97,9.94,8.03,11102.34,Mumbai,7,0
758,984,995,1,20118.01,15.01,17.01,58435.65,Hyderabad,1,1
759,420,226,1,36549.58,0.43,14.63,30453.86,Bangalore,1,0
760,608,308,3,26657.15,27.12,9.11,2849.72,Hyderabad,2,1
761,122,475,4,41464.59,1.33,14.92,3033.37,Hyderabad,1,0
762,762,906,4,21390.19,9.67,5.29,54452.99,Bangalore,3,1
763,891,222,3,3277.33,17.08,11.84,52427.23,Bangalore,6,1
764,308,173,1,27929.82,15.54,8.25,27612.27,Delhi,6,0
765,932,340,3,8730.27,19.63,6.49,9960.68,Hyderabad,1,1
766,924,797,1,48282.78,15.83,16.49,49851.02,Bangalore,6,1
767,334,506,3,26442.76,6.87,7.59,19611.09,Mumbai,5,0
768,954,821,4,27767.23,6.03,15.69,25259.69,Delhi,7,0
769,420,157,2,45381.83,27.22,10.37,41012.09,Hyderabad,6,1
770,326,151,1,31304.35,7.92,5.19,21333.22,Bangalore,7,0
771,649,697,2,15275.92,8.43,14.52,37794.46,Delhi,2,0
772,789,178,4,14945.51,12.39,12.75,53139.91,Delhi,1,1
773,832,533,3,25178.62,4.18,9.47,47882.92,Mumbai,7,0
774,844,112,4,43357.09,15.22,8.66,23020.34,Delhi,9,1
775,573,683,2,39777.52,19.95,5.96,17418.61,Hyderabad,2,0
776,250,138,4,48144.48,23.58,17.24,17273.52,Bangalore,7,1
777,990,233,4,3779.93,21.34,11.42,21045.75,Delhi,3,1
778,95,332,3,13562.64,4.43,6.11,29712.32,Delhi,6,1
779,296,542,2,4194.34,13.68,16.29,25112.53,Hyderabad,3,0
780,184,893,2,37603.74,1.16,8.62,8153.64,Mumbai,5,1
781,260,307,2,7213.52,0.53,7.65,9974.66,Mumbai,2,0
782,799,161,1,5174.34,13.2,8.65,20707.19,Bangalore,8,1
783,667,402,4,28171.28,7.59,12.34,33811.43,Hyderabad,8,1
784,186,590,2,20691.94,20.5,5.96,35641.3,Mumbai,7,1
785,409,278,4,35812.05,21.73,11.26,29275.18,Bangalore,6,0
786,69,320,3,24453.37,26.86,16.64,44378.8,Bangalore,1,1
787,838,533,3,21381.66,22.82,7.45,44287.48,Mumbai,8,1
788,773,897,1,21389.92,1.45,9.31,25772.12,Hyderabad,1,0
789,627,497,1,43619.44,11.15,10.15,7641.56,Delhi,8,1
790,859,363,3,19882.24,8.19,12.62,31904.45,Mumbai,2,1
791,8,372,2,16803.18,11.58,16.95,23011.85,Delhi,8,0
792,265,892,3,17059.05,4.8,10.13,8447.79,Delhi,4,0
793,783,655,4,9990.72,2.93,5.9,58912.67,Hyderabad,7,0
794,484,36,1,43062.3,15.63,9.52,22311.37,Hyderabad,5,1
795,761,303,1,7502.21,21.61,7.47,37622.71,Bangalore,8,0
796,617,438,3,45448.81,21.06,13.47,29509.71,Hyderabad,6,1
797,775,726,2,14316.69,13.53,5.38,8741.13,Bangalore,5,1
798,736,32,2,44991.46,15.67,8.8,3521.51,Mumbai,1,0
799,840,186,4,39582.87,15.49,12.09,37621.01,Delhi,3,0
800,371,174,1,29182.98,20.75,8.61,14971.91,Hyderabad,9,1
801,783,566,3,33539.61,1.44,12.16,14770.51,Mumbai,9,0
802,677,673,3,16427.04,21.3,6.49,57427.18,Bangalore,5,0
803,83,250,1,28796.58,17.47,17.26,27814.04,Hyderabad,3,1
804,807,763,3,14761.66,5.94,8.78,1959.68,Delhi,6,0
805,646,935,1,20233.19,1.47,17.0,20522.59,Mumbai,5,0
806,211,279,2,38280.2,3.26,9.24,35152.59,Hyderabad,1,0
807,313,683,2,12347.84,15.74,15.16,19848.33,Hyderabad,2,1
808,604,695,3,41974.53,22.75,8.2,1805.75,Mumbai,5,0
809,337,2,2,18918.97,10.04,13.71,26769.81,Bangalore,9,0
810,490,194,2,26702.06,11.37,9.21,6533.2,Bangalore,4,1
811,403,166,4,47109.63,28.02,11.62,37225.77,Hyderabad,9,1
812,639,759,1,34126.53,6.39,13.76,37251.31,Bangalore,3,1
813,191,925,1,32351.08,3.11,12.66,2458.0,Bangalore,1,1
814,671,756,3,35638.06,10.3,12.49,17581.84,Mumbai,6,0
815,843,110,1,45921.94,22.38,5.85,24938.44,Bangalore,7,1
816,335,380,4,12575.98,18.78,8.24,33105.79,Bangalore,4,1
817,522,835,3,30739.41,12.47,12.43,17904.59,Mumbai,5,0
818,619,999,3,20139.61,28.94,5.24,17407.24,Hyderabad,4,1
819,87,583,1,790.39,22.05,8.26,58984.31,Hyderabad,3,1
820,579,676,2,6439.98,1.86,7.98,2703.4,Mumbai,1,0
821,62,285,2,16384.6,22.34,8.25,59344.92,Delhi,6,1
822,387,887,2,28337.0,0.72,11.96,3055.57,Mumbai,5,1
823,146,421,2,44097.44,19.51,12.57,17442.82,Delhi,1,0
824,153,113,4,39597.48,6.31,16.82,29722.71,Bangalore,5,0
825,619,228,3,27756.02,20.89,10.02,8769.24,Hyderabad,6,0
826,660,471,2,3878.75,9.29,17.05,8263.81,Delhi,5,0
827,698,813,4,14438.13,26.19,13.48,15527.5,Delhi,1,0
828,349,528,3,18462.09,10.11,16.86,58415.73,Bangalore,5,0
829,854,496,1,31161.52,18.59,15.84,22930.99,Hyderabad,1,0
830,178,31,1,3433.2,8.58,13.94,34046.49,Bangalore,3,0
831,889,162,4,26603.64,27.52,9.63,42316.63,Hyderabad,2,0
832,847,818,3,45092.94,23.43,8.13,44584.87,Hyderabad,1,0
833,487,705,2,35330.55,7.3,7.89,41344.85,Bangalore,4,0
834,778,722,3,39894.42,28.46,17.38,20348.31,Delhi,2,0
835,661,378,2,34147.45,10.71,17.46,6881.32,Mumbai,5,1
836,247,446,4,10488.14,19.56,14.42,17046.65,Hyderabad,1,0
837,254,744,2,5702.09,22.29,16.49,12775.65,Hyderabad,1,0
838,500,427,4,41508.64,0.69,16.95,8349.38,Mumbai,4,0
839,541,696,3,34836.12,28.77,11.65,1664.9,Mumbai,7,0
840,352,504,3,28838.07,10.33,13.18,56156.41,Bangalore,2,0
841,512,527,2,9626.29,5.69,10.44,55277.86,Hyderabad,2,1
842,778,944,3,30246.58,25.52,10.44,3214.94,Bangalore,1,1
843,13,817,2,1759.82,21.09,5.5,10550.46,Mumbai,5,1
844,559,721,3,6118.19,2.6,10.64,8542.13,Bangalore,6,1
845,151,684,1,15732.13,3.51,13.76,17017.13,Hyderabad,6,0
846,50,778,2,22298.17,21.46,10.49,12403.32,Delhi,2,1
847,215,532,4,6204.11,2.24,16.34,56762.04,Delhi,7,1
848,991,582,1,6173.02,27.52,9.32,5233.39,Hyderabad,6,0
849,644,520,4,36349.5,22.25,6.72,12857.92,Bangalore,8,1
850,372,941,3,28572.03,10.06,15.55,5027.25,Mumbai,6,1
851,113,34,1,26780.35,10.89,13.76,58827.04,Mumbai,9,0
852,252,736,3,22731.24,15.19,8.14,55121.13,Delhi,2,0
853,963,691,2,48831.85,10.83,11.97,43054.57,Bangalore,7,1
854,341,758,4,2680.05,23.5,10.22,25673.19,Mumbai,5,0
855,53,490,3,9195.23,29.24,17.21,11572.65,Mumbai,1,1
856,130,772,4,32445.89,17.54,12.9,13445.09,Hyderabad,3,0
857,836,620,4,6991.01,13.38,7.06,26693.79,Bangalore,4,1
858,193,754,3,29551.17,6.68,11.53,46139.72,Bangalore,2,1
859,591,423,2,28474.51,19.6,16.21,16030.82,Mumbai,7,1
860,57,468,4,48556.06,20.57,13.73,18785.36,Bangalore,1,0
861,97,24,3,44192.65,20.56,15.95,36076.67,Bangalore,3,0
862,198,216,2,47288.56,0.81,8.26,14416.22,Bangalore,9,1
863,647,55,3,5857.4,26.97,16.55,35136.27,Hyderabad,2,0
864,147,26,2,43433.79,10.14,14.82,23350.43,Mumbai,5,0
865,684,281,4,6628.71,22.32,14.48,2255.22,Delhi,4,1
866,575,804,1,31720.02,22.79,9.51,24281.54,Bangalore,3,0
867,577,327,3,36059.89,19.52,16.54,55187.61,Mumbai,5,0
868,295,970,4,8210.5,11.85,13.29,17728.09,Delhi,6,1
869,723,186,3,31706.44,18.25,16.07,19505.38,Hyderabad,1,1
870,621,495,3,2812.53,1.21,9.69,4143.27,Mumbai,2,0
871,794,12,2,14804.65,22.86,6.89,36979.84,Hyderabad,1,0
872,684,641,3,46073.69,2.99,9.32,50984.69,Mumbai,3,0
873,12,884,2,8752.21,11.9,10.92,21304.79,Hyderabad,8,1
874,918,434,4,3450.45,3.11,11.93,14566.68,Mumbai,8,0
875,333,921,3,22295.17,25.11,11.64,57405.39,Hyderabad,4,0
876,220,208,4,42560.79,16.51,12.1,44755.34,Delhi,6,0
877,398,133,1,4018.28,20.73,15.94,34116.38,Mumbai,9,0
878,342,339,4,17905.66,20.48,7.21,18470.76,Delhi,7,0
879,798,196,3,45008.79,25.25,9.11,13403.72,Bangalore,2,0
880,512,262,1,6084.15,3.98,16.55,43001.49,Delhi,2,1
881,172,282,2,15671.29,19.79,12.29,31402.97,Mumbai,3,1
882,468,369,1,38965.35,17.25,12.58,31331.87,Delhi,8,1
883,748,103,3,27251.91,0.93,11.21,4607.85,Mumbai,9,0
884,987,632,3,41650.19,6.04,12.14,30829.23,Hyderabad,3,0
885,166,183,4,5757.45,8.03,7.58,49400.09,Bangalore,9,1
886,699,423,2,46043.6,2.18,12.11,56818.6,Delhi,8,1
887,170,9,3,46758.61,10.64,17.96,6579.61,Bangalore,5,1
888,564,557,3,7934.59,0.82,12.36,37943.68,Delhi,3,1
889,512,244,2,1887.0,16.6,5.58,34187.17,Mumbai,7,1
890,831,782,2,49494.1,6.35,15.35,53440.69,Delhi,9,0
891,189,624,4,24216.13,8.61,10.15,45124.39,Bangalore,6,0
892,120,567,1,28689.36,27.31,7.0,57922.66,Delhi,3,0
893,105,393,2,30872.06,15.08,16.21,57609.95,Bangalore,5,0
894,674,527,3,39525.49,8.07,7.57,13695.97,Bangalore,7,0
895,807,37,2,40637.0,17.95,16.97,43575.98,Mumbai,8,1
896,41,178,3,9857.48,6.05,10.74,31925.28,Hyderabad,4,1
897,889,639,4,11984.51,2.23,14.66,13033.2,Hyderabad,2,0
898,876,629,1,43866.28,0.63,12.11,11853.17,Delhi,2,1
899,677,852,4,41011.98,28.55,8.34,5048.84,Bangalore,3,0
900,321,72,2,30957.45,21.74,13.72,47773.61,Mumbai,8,0
901,886,352,3,49736.02,24.0,17.45,19605.39,Hyderabad,1,1
902,335,623,2,36812.16,29.43,15.01,51446.74,Mumbai,7,0
903,160,149,2,10948.67,27.95,12.85,36577.26,Mumbai,6,0
904,264,697,2,42362.87,22.11,17.88,40483.27,Bangalore,2,0
905,865,105,2,20853.69,20.82,8.45,17642.09,Delhi,9,1
906,530,659,1,2000.4,10.11,5.81,27546.2,Bangalore,5,1
907,685,221,3,16206.78,3.12,5.42,24856.59,Hyderabad,2,0
908,477,826,2,38224.85,17.21,14.24,14294.18,Hyderabad,3,0
909,352,863,3,48018.27,17.29,15.79,49984.23,Mumbai,7,1
910,545,374,1,13951.59,28.57,13.26,37400.65,Bangalore,7,1
911,773,518,3,12476.51,13.28,16.77,2438.43,Bangalore,1,1
912,210,260,3,28268.11,20.72,14.07,49231.04,Mumbai,4,1
913,496,299,1,40621.86,17.25,9.82,6541.06,Delhi,6,0
914,895,861,2,37376.98,5.3,7.36,24341.05,Mumbai,8,0
915,842,42,3,28085.95,17.76,17.02,34361.16,Mumbai,3,0
916,382,771,4,31643.21,16.2,6.35,657.54,Hyderabad,3,1
917,676,897,3,12256.53,14.82,12.06,39243.9,Bangalore,8,1
918,481,492,2,21742.2,15.4,9.08,39650.24,Hyderabad,8,0
919,919,439,4,12917.21,4.92,8.53,39221.07,Mumbai,8,1
920,936,783,2,44244.02,13.9,13.4,9975.38,Bangalore,1,0
921,5,47,3,5805.21,18.17,8.01,15492.79,Mumbai,8,1
922,34,85,1,34051.08,14.68,16.91,14993.07,Mumbai,8,0
923,792,686,2,13162.1,14.66,10.28,57612.01,Delhi,2,0
924,145,58,2,23883.76,2.33,13.81,4238.19,Hyderabad,9,0
925,351,991,1,15110.76,5.72,14.46,25839.94,Hyderabad,7,0
926,583,711,3,16297.62,9.63,13.88,52300.98,Mumbai,8,1
927,465,209,2,13167.57,12.58,16.74,46214.07,Delhi,2,0
928,348,248,3,37689.09,17.82,8.0,49382.04,Mumbai,4,0
929,742,211,3,18412.65,25.9,6.12,58343.16,Mumbai,7,0
930,125,39,3,36372.58,4.77,5.72,23358.26,Mumbai,6,0
931,790,252,1,22912.28,0.45,16.41,18717.39,Delhi,7,1
932,271,643,3,27452.85,13.48,17.65,2033.44,Bangalore,1,0
933,357,926,3,27255.72,12.96,8.93,9171.16,Delhi,8,0
934,527,803,4,48797.43,16.56,14.02,33808.48,Mumbai,7,1
935,754,762,4,18479.71,25.0,5.12,9628.1,Bangalore,4,0
936,498,953,4,10542.67,24.07,7.45,44231.04,Mumbai,1,0
937,153,413,2,45607.24,3.0,13.96,2426.51,Delhi,8,0
938,53,946,2,8907.0,28.02,5.86,15717.38,Delhi,7,0
939,149,446,4,41754.26,3.31,11.09,41788.1,Bangalore,8,1
940,503,52,1,7680.7,19.04,13.61,15479.07,Delhi,1,1
941,870,374,1,33004.47,20.17,14.96,43779.88,Mumbai,5,1
942,450,526,4,7696.93,20.4,10.9,59752.66,Bangalore,9,1
943,219,931,2,46169.67,7.96,13.19,47865.62,Hyderabad,5,1
944,625,156,2,28337.41,9.91,12.01,20641.76,Mumbai,3,1
945,800,954,1,16597.84,16.46,5.68,54055.4,Hyderabad,9,0
946,277,542,3,7188.07,5.99,14.66,3260.55,Bangalore,9,0
947,452,90,1,18685.37,0.61,7.24,43555.41,Bangalore,4,0
948,428,903,3,35310.0,16.86,5.41,1594.68,Mumbai,4,0
949,83,679,2,19370.55,13.96,10.87,10638.42,Delhi,8,1
950,962,351,2,12455.49,19.7,16.25,59257.63,Mumbai,7,0
951,218,69,4,28954.99,4.4,6.96,21780.92,Delhi,5,0
952,738,163,2,21007.53,25.23,5.17,49265.86,Delhi,6,1
953,782,242,3,8457.15,4.39,6.43,22689.99,Mumbai,3,0
954,527,495,1,7868.6,26.74,9.73,50433.7,Bangalore,6,0
955,404,383,4,35431.61,13.49,12.54,57933.29,Mumbai,8,1
956,290,52,3,48738.66,16.49,7.51,26245.07,Hyderabad,9,0
957,420,654,1,11808.08,26.9,15.43,33649.08,Bangalore,3,0
958,339,63,1,38702.8,9.0,14.79,37792.64,Delhi,8,1
959,777,509,1,4562.81,5.45,14.05,56103.12,Bangalore,3,0
960,711,292,2,19202.48,13.37,11.34,15553.3,Mumbai,2,0
961,670,91,1,25433.07,7.33,9.75,36752.71,Bangalore,5,0
962,845,664,2,13583.6,15.84,9.88,19618.27,Delhi,4,0
963,987,424,1,26573.01,8.26,11.54,13172.6,Delhi,5,0
964,959,669,1,44154.2,25.93,6.01,5278.24,Bangalore,6,1
965,419,821,2,47233.01,18.22,13.87,37318.51,Hyderabad,3,0
966,909,365,2,5207.74,0.01,9.57,52948.71,Delhi,1,0
967,207,150,3,13737.93,24.16,7.92,21213.29,Hyderabad,4,0
968,686,840,1,48960.87,9.91,8.62,33249.58,Delhi,6,1
969,696,271,2,13666.84,9.61,7.34,38599.6,Bangalore,2,1
970,265,881,3,34696.83,11.49,16.72,24996.08,Delhi,2,1
971,983,581,3,12821.99,18.91,7.2,54220.2,Hyderabad,1,0
972,758,116,2,17947.01,13.26,16.48,21892.76,Hyderabad,9,0
973,36,704,1,9725.69,18.86,12.44,7675.65,Bangalore,3,0
974,373,516,3,42843.75,4.4,16.28,8812.42,Hyderabad,2,0
975,488,587,1,44155.91,29.1,11.16,53473.29,Hyderabad,4,0
976,259,914,1,14986.24,21.89,17.06,59282.88,Bangalore,6,1
977,994,810,3,41214.77,7.51,7.75,17478.48,Delhi,1,0
978,531,241,2,18040.43,21.73,12.21,8787.44,Bangalore,9,0
979,924,30,1,5131.17,17.25,6.64,29036.29,Delhi,9,1
980,23,143,4,37952.2,3.28,10.81,42629.78,Delhi,8,1
981,104,326,2,29903.02,5.35,12.41,36821.69,Delhi,6,1
982,241,695,3,13864.25,1.24,12.87,57076.27,Mumbai,4,1
983,903,949,4,12799.39,24.28,9.75,49103.12,Delhi,2,1
984,873,16,1,48786.04,16.55,5.99,52164.54,Bangalore,8,0
985,716,111,2,43152.55,9.5,13.52,32591.7,Bangalore,7,0
986,253,872,4,40527.96,3.79,11.35,19771.06,Bangalore,4,0
987,142,713,2,6575.28,14.52,6.78,42163.81,Mumbai,3,0
988,814,107,1,37808.33,15.76,17.17,26455.37,Hyderabad,6,0
989,655,379,2,10884.1,21.06,17.42,17407.7,Mumbai,1,1
990,451,162,4,48873.97,29.1,16.14,9305.79,Bangalore,2,0
991,783,283,2,2794.04,13.05,15.97,31766.88,Bangalore,7,0
992,307,269,3,17736.5,12.18,6.28,35736.36,Hyderabad,3,1
993,984,484,3,21546.66,11.1,17.91,34213.38,Mumbai,1,1
994,500,667,4,41245.3,24.81,10.2,7169.59,Bangalore,2,0
995,622,73,2,38357.9,4.69,7.12,34285.24,Delhi,9,0
996,8,197,4,18874.61,10.31,15.56,10271.16,Delhi,7,1
997,69,243,2,28364.9,21.75,7.93,39890.11,Bangalore,7,0
998,702,598,1,41812.64,0.47,11.84,25877.16,Delhi,8,1
999,691,799,3,1106.34,8.68,6.66,50957.56,Hyderabad,8,0
1000,575,259,1,40148.47,19.24,11.17,46740.29,Bangalore,9,1
